{"cameraMode":{"drawMode":0,"name":"Shaded","section":"Shading Mode"},"sceneLighting":false,"audioPlay":false,"sceneViewState":{"showFog":true,"showMaterialUpdate":false,"showSkybox":false,"showFlares":true,"showImageEffects":true,"showParticleSystems":true},"in2DMode":false,"pivot":{"x":-5.061999797821045,"y":1.9300000667572022,"z":4.840000152587891},"rotation":{"x":0.1937449723482132,"y":-0.09548383206129074,"z":0.019019169732928277,"w":0.9763282537460327},"size":9.322651863098145,"orthographic":false}