{"cameraMode":{"drawMode":0,"name":"Shaded","section":"Shading Mode"},"sceneLighting":false,"audioPlay":false,"sceneViewState":{"showFog":true,"showMaterialUpdate":false,"showSkybox":false,"showFlares":true,"showImageEffects":true,"showParticleSystems":true},"in2DMode":false,"pivot":{"x":0.2799999713897705,"y":0.2799999713897705,"z":0.9599999785423279},"rotation":{"x":0.15841299295425416,"y":0.814917266368866,"z":-0.262300580739975,"w":0.4921483099460602},"size":9.297843933105469,"orthographic":false}